<?xml version="1.0" encoding="utf-8"?>
<ModMetaData>
    <name>Bionic Hand</name> <!-- The name of your mod in the mod list -->
    <author>uuqstrings</author>
    <supportedVersions> <!-- the version(s) your mod supports -->
        <li>1.5</li>
    </supportedVersions>
    <packageId>uuqstrings.bionichand</packageId> <!-- a unique identifier for your mod. Must
    contain only a-z and periods, no spaces. -->
    <description>Pawn missing a few crucial fingers, but don't want to replace the whole arm?</description>
</ModMetaData>